model,train_rmse,train_mae,train_r2,val_rmse,val_mae,val_r2
Linear Regression,930377.3230153915,494690.6304788666,0.6110888979387827,1294432.725533202,612709.4036656767,0.4887515669409159
